{"spawnPosition":{"x":40.1737174987793,"y":4.0770087242126469,"z":31.828310012817384},"atk":1,"def":1,"spd":1,"maxHp":50,"unlockedBonfires":["FundoDoAbismo","3","4","2","CaminhoDoAbismo"]}