{"spawnPosition":{"x":39.967220306396487,"y":4.0770087242126469,"z":32.7355842590332},"atk":1,"def":1,"spd":1,"maxHp":50,"unlockedBonfires":["4","3","FundoDoAbismo","CaminhoDoAbismo","2"]}