{"spawnPosition":{"x":34.267486572265628,"y":4.0770087242126469,"z":26.703832626342775},"atk":1,"def":1,"spd":1,"maxHp":50,"unlockedBonfires":["CaminhoDoAbismo","4","2","FundoDoAbismo","3"]}