{"spawnPosition":{"x":39.80310821533203,"y":4.0770087242126469,"z":32.0161247253418},"atk":1,"def":1,"spd":1,"maxHp":50,"unlockedBonfires":["3","FundoDoAbismo","CaminhoDoAbismo","4","2"]}